{"cameraMode":{"drawMode":0,"name":"Shaded","section":"Shading Mode"},"sceneLighting":false,"audioPlay":false,"sceneViewState":{"showFog":true,"showMaterialUpdate":false,"showSkybox":true,"showFlares":true,"showImageEffects":true,"showParticleSystems":true},"in2DMode":false,"pivot":{"x":-0.3199999928474426,"y":0.11693334579467774,"z":3.9743998050689699},"rotation":{"x":0.3423656225204468,"y":-0.04256284981966019,"z":0.015527911484241486,"w":0.9384738206863403},"size":2.2650387287139894,"orthographic":false}