{"cameraMode":{"drawMode":0,"name":"Shaded","section":"Shading Mode"},"sceneLighting":true,"audioPlay":false,"sceneViewState":{"showFog":true,"showMaterialUpdate":false,"showSkybox":true,"showFlares":true,"showImageEffects":true,"showParticleSystems":true},"in2DMode":false,"pivot":{"x":0.0,"y":-0.00012500211596488953,"z":0.14499999582767487},"rotation":{"x":0.03330202028155327,"y":0.0011765345698222519,"z":-0.0000387920081266202,"w":0.9994446635246277},"size":0.341168075799942,"orthographic":false}