{"cameraMode":{"drawMode":0,"name":"Shaded","section":"Shading Mode"},"sceneLighting":true,"audioPlay":false,"sceneViewState":{"showFog":true,"showMaterialUpdate":false,"showSkybox":true,"showFlares":true,"showImageEffects":true,"showParticleSystems":true},"in2DMode":false,"pivot":{"x":-0.05904622748494148,"y":-0.032183170318603519,"z":-0.024493467062711717},"rotation":{"x":0.5500324964523315,"y":0.2524760067462921,"z":-0.17903104424476624,"w":0.7756726741790772},"size":0.20140822231769563,"orthographic":false}